Department,average_age,average_salary
Accounting,47.65625,123146.94791666667
Design,29.0,2000.0
DevOps,26.0,2100.0
Engineering,49.611464968152866,108159.15987261148
Finance,49.085470085470085,123105.0170940171
Human Resources,48.39837398373984,118216.84308943088
IT,48.072649572649574,96668.10683760684
Marketing,47.21666666666667,129663.03333333334
Sales,47.60431654676259,111225.3381294964
